OID_,Value,Ecozones_Nibbled,EcoZones_N,EUcropPlus,EUCropCat,EcoZone,lucode,CN_A,CN_B,CN_C,CN_D,Kc_1,Kc_2,Kc_3,Kc_4,Kc_5,Kc_6,Kc_7,Kc_8,Kc_9,Kc_10,Kc_11,Kc_12
2,2,2,502,10,Tree Cover (ESA),Boreal mountain system,2,36,60,73,79,0.35,0.25,0.29,0.22,0.85,0.87,0.99,0.93,0.92,0.87,0.64,0.57
13,13,1,504,10,Tree Cover (ESA),Polar,13,36,60,73,79,0.54,0.01,0.01,0.01,0.56,0.86,0.99,0.93,0.95,0.93,0.6,0.01
23,23,4,503,10,Tree Cover (ESA),Boreal tundra woodland,23,36,60,73,79,0.5,0.08,0.01,0.01,0.56,0.84,0.99,0.93,0.95,0.92,0.5,0.01
30,30,3,501,10,Tree Cover (ESA),Boreal coniferous forest,30,36,60,73,79,0.35,0.44,0.57,0.69,0.93,0.98,0.99,0.99,0.99,0.89,0.57,0.54
86,86,5,513,10,Tree Cover (ESA),Temperate oceanic forest,86,36,60,73,79,0.71,0.74,0.79,0.93,0.99,0.99,0.99,0.99,0.99,0.98,0.79,0.74
96,96,6,510,10,Tree Cover (ESA),Temperate continental forest,96,36,60,73,79,0.52,0.42,0.56,0.87,0.99,0.99,0.96,0.99,0.99,0.94,0.66,0.35
148,148,7,512,10,Tree Cover (ESA),Temperate mountain system,148,36,60,73,79,0.69,0.54,0.67,0.9,0.96,0.98,0.96,0.99,0.99,0.99,0.85,0.68
178,178,8,514,10,Tree Cover (ESA),Temperate steppe,178,36,60,73,79,0.44,0.25,0.14,0.84,0.99,0.99,0.99,0.99,0.99,0.9,0.69,0.19
215,215,9,506,10,Tree Cover (ESA),Subtropical dry forest,215,36,60,73,79,0.88,0.75,0.87,0.99,0.99,0.99,0.99,0.99,0.99,0.99,0.91,0.89
249,249,10,508,10,Tree Cover (ESA),Subtropical mountain system,249,36,60,73,79,0.86,0.7,0.82,0.96,0.96,0.98,0.99,0.99,0.99,0.99,0.87,0.9
6,6,2,502,20,Shrubland (ESA),Boreal mountain system,6,43,65,76,82,0.5,0.13,0.01,0.01,0.51,0.86,0.99,0.96,0.93,0.94,0.5,0.56
17,17,1,504,20,Shrubland (ESA),Polar,17,43,65,76,82,0.5,0.01,0.01,0.01,0.43,0.8,0.99,0.91,0.96,0.92,0.5,0.01
26,26,4,503,20,Shrubland (ESA),Boreal tundra woodland,26,43,65,76,82,0.5,0.13,0.01,0.01,0.5,0.82,0.99,0.93,0.97,0.93,0.42,0.01
35,35,3,501,20,Shrubland (ESA),Boreal coniferous forest,35,43,65,76,82,0.27,0.25,0.36,0.75,0.99,0.99,0.98,0.99,0.99,0.91,0.61,0.39
92,92,5,513,20,Shrubland (ESA),Temperate oceanic forest,92,43,65,76,82,0.81,0.87,0.85,0.9,0.96,0.96,0.99,0.99,0.99,0.99,0.91,0.86
106,106,6,510,20,Shrubland (ESA),Temperate continental forest,106,43,65,76,82,0.48,0.37,0.54,0.87,0.99,0.99,0.94,0.99,0.99,0.92,0.43,0.38
167,167,7,512,20,Shrubland (ESA),Temperate mountain system,167,43,65,76,82,0.77,0.54,0.7,0.87,0.97,0.97,0.99,0.99,0.99,0.99,0.87,0.84
183,183,8,514,20,Shrubland (ESA),Temperate steppe,183,43,65,76,82,0.44,0.34,0.32,0.93,0.99,0.99,0.99,0.99,0.99,0.92,0.7,0.36
231,231,9,506,20,Shrubland (ESA),Subtropical dry forest,231,43,65,76,82,0.9,0.79,0.9,0.98,0.99,0.99,0.99,0.99,0.99,0.99,0.92,0.92
258,258,10,508,20,Shrubland (ESA),Subtropical mountain system,258,43,65,76,82,0.81,0.77,0.86,0.93,0.98,0.98,0.99,0.99,0.99,0.98,0.85,0.91
4,4,2,502,30,Non-crop Grassland (ESA),Boreal mountain system,4,30,58,71,78,0.31,0.01,0.01,0.01,0.52,0.86,0.99,0.93,0.88,0.75,0.49,0.59
12,12,1,504,30,Non-crop Grassland (ESA),Polar,12,30,58,71,78,0.63,0.08,0.01,0.01,0.38,0.8,0.99,0.92,0.97,0.94,0.46,0.01
20,20,4,503,30,Non-crop Grassland (ESA),Boreal tundra woodland,20,30,58,71,78,0.5,0.08,0.01,0.01,0.48,0.81,0.99,0.93,0.97,0.94,0.44,0.01
32,32,3,501,30,Non-crop Grassland (ESA),Boreal coniferous forest,32,30,58,71,78,0.36,0.08,0.14,0.25,0.84,0.93,0.99,0.96,0.96,0.87,0.62,0.72
87,87,5,513,30,Non-crop Grassland (ESA),Temperate oceanic forest,87,30,58,71,78,0.81,0.9,0.82,0.92,0.99,0.98,0.99,0.96,0.98,0.97,0.93,0.87
103,103,6,510,30,Non-crop Grassland (ESA),Temperate continental forest,103,30,58,71,78,0.5,0.25,0.36,0.87,0.99,0.99,0.98,0.99,0.99,0.94,0.71,0.34
146,146,7,512,30,Non-crop Grassland (ESA),Temperate mountain system,146,30,58,71,78,0.38,0.25,0.29,0.75,0.91,0.96,0.98,0.99,0.99,0.98,0.82,0.5
177,177,8,514,30,Non-crop Grassland (ESA),Temperate steppe,177,30,58,71,78,0.47,0.25,0.14,0.9,0.99,0.99,0.98,0.99,0.97,0.9,0.72,0.24
214,214,9,506,30,Non-crop Grassland (ESA),Subtropical dry forest,214,30,58,71,78,0.86,0.79,0.9,0.99,0.99,0.99,0.99,0.99,0.99,0.96,0.89,0.89
243,243,10,508,30,Non-crop Grassland (ESA),Subtropical mountain system,243,30,58,71,78,0.72,0.65,0.75,0.92,0.96,0.97,0.99,0.99,0.99,0.97,0.83,0.84
19,19,2,502,40,Cropland (ESA),Boreal mountain system,19,68,78,86,89,0.44,0.34,0.32,0.65,0.99,0.92,0.99,0.97,0.93,0.92,0.85,0.78
38,38,3,501,40,Cropland (ESA),Boreal coniferous forest,38,68,78,86,89,0.22,0.25,0.29,0.66,0.98,0.99,0.99,0.99,0.98,0.96,0.64,0.47
39,39,4,503,40,Cropland (ESA),Boreal tundra woodland,39,68,78,86,89,0.54,0.08,0.01,0.01,0.69,0.8,0.99,0.95,0.98,0.93,0.63,0.01
91,91,5,513,40,Cropland (ESA),Temperate oceanic forest,91,68,78,86,89,0.77,0.83,0.84,0.98,0.99,0.99,0.99,0.99,0.99,0.99,0.84,0.81
101,101,6,510,40,Cropland (ESA),Temperate continental forest,101,68,78,86,89,0.44,0.08,0.07,0.82,0.99,0.99,0.99,0.99,0.98,0.89,0.66,0.16
162,162,7,512,40,Cropland (ESA),Temperate mountain system,162,68,78,86,89,0.64,0.4,0.6,0.96,0.99,0.99,0.99,0.99,0.99,0.99,0.84,0.59
176,176,8,514,40,Cropland (ESA),Temperate steppe,176,68,78,86,89,0.42,0.25,0.18,0.86,0.99,0.99,0.98,0.99,0.89,0.78,0.62,0.22
227,227,9,506,40,Cropland (ESA),Subtropical dry forest,227,68,78,86,89,0.84,0.75,0.94,0.99,0.99,0.99,0.99,0.99,0.99,0.94,0.82,0.75
253,253,10,508,40,Cropland (ESA),Subtropical mountain system,253,68,78,86,89,0.75,0.69,0.87,0.95,0.99,0.99,0.99,0.99,0.99,0.95,0.79,0.82
7,7,2,502,50,Built-up (ESA),Boreal mountain system,7,62,76,84,88,0.57,0.63,0.46,0.61,0.64,0.65,0.65,0.63,0.63,0.62,0.61,0.64
14,14,1,504,50,Built-up (ESA),Polar,14,62,76,84,88,0.46,0.19,0.15,0.15,0.34,0.55,0.65,0.61,0.63,0.62,0.38,0.15
27,27,4,503,50,Built-up (ESA),Boreal tundra woodland,27,62,76,84,88,0.4,0.19,0.15,0.15,0.39,0.56,0.65,0.61,0.63,0.62,0.37,0.15
31,31,3,501,50,Built-up (ESA),Boreal coniferous forest,31,62,76,84,88,0.31,0.28,0.29,0.47,0.63,0.65,0.65,0.65,0.64,0.64,0.49,0.47
90,90,5,513,50,Built-up (ESA),Temperate oceanic forest,90,62,76,84,88,0.45,0.44,0.47,0.64,0.65,0.65,0.65,0.65,0.65,0.63,0.54,0.43
108,108,6,510,50,Built-up (ESA),Temperate continental forest,108,62,76,84,88,0.59,0.62,0.59,0.63,0.65,0.65,0.65,0.65,0.65,0.64,0.62,0.6
161,161,7,512,50,Built-up (ESA),Temperate mountain system,161,62,76,84,88,0.46,0.4,0.53,0.64,0.65,0.65,0.65,0.65,0.65,0.65,0.58,0.49
180,180,8,514,50,Built-up (ESA),Temperate steppe,180,62,76,84,88,0.5,0.47,0.45,0.65,0.65,0.65,0.65,0.65,0.65,0.61,0.44,0.35
217,217,9,506,50,Built-up (ESA),Subtropical dry forest,217,62,76,84,88,0.62,0.63,0.63,0.65,0.65,0.65,0.64,0.64,0.64,0.62,0.6,0.63
252,252,10,508,50,Built-up (ESA),Subtropical mountain system,252,62,76,84,88,0.57,0.58,0.6,0.64,0.65,0.65,0.65,0.65,0.64,0.62,0.56,0.58
3,3,2,502,60,Bare/sparse Vegetation (ESA),Boreal mountain system,3,76,85,90,93,0.16,0.01,0.01,0.01,0.07,0.22,0.34,0.29,0.28,0.01,0.07,0.01
11,11,1,504,60,Bare/sparse Vegetation (ESA),Polar,11,76,85,90,93,0.01,0.25,0.01,0.01,0.18,0.19,0.63,0.52,0.61,0.4,0.5,0.01
24,24,4,503,60,Bare/sparse Vegetation (ESA),Boreal tundra woodland,24,76,85,90,93,0.63,0.08,0.01,0.01,0.51,0.81,0.99,0.91,0.92,0.9,0.5,0.01
33,33,3,501,60,Bare/sparse Vegetation (ESA),Boreal coniferous forest,33,76,85,90,93,0.29,0.01,0.01,0.06,0.48,0.59,0.62,0.65,0.63,0.42,0.25,0.44
88,88,5,513,60,Bare/sparse Vegetation (ESA),Temperate oceanic forest,88,76,85,90,93,0.66,0.73,0.71,0.85,0.98,0.96,0.98,0.94,0.94,0.93,0.78,0.71
104,104,6,510,60,Bare/sparse Vegetation (ESA),Temperate continental forest,104,76,85,90,93,0.51,0.29,0.4,0.87,0.99,0.99,0.98,0.99,0.99,0.93,0.68,0.33
147,147,7,512,60,Bare/sparse Vegetation (ESA),Temperate mountain system,147,76,85,90,93,0.01,0.01,0.01,0.01,0.01,0.44,0.76,0.83,0.81,0.68,0.01,0.01
179,179,8,514,60,Bare/sparse Vegetation (ESA),Temperate steppe,179,76,85,90,93,0.42,0.25,0.14,0.86,0.99,0.99,0.98,0.99,0.96,0.86,0.65,0.24
222,222,9,506,60,Bare/sparse Vegetation (ESA),Subtropical dry forest,222,76,85,90,93,0.81,0.74,0.88,0.97,0.98,0.98,0.97,0.99,0.98,0.93,0.82,0.83
246,246,10,508,60,Bare/sparse Vegetation (ESA),Subtropical mountain system,246,76,85,90,93,0.58,0.5,0.65,0.86,0.89,0.93,0.97,0.98,0.97,0.9,0.73,0.68
8,8,2,502,70,Snow & Ice (ESA),Boreal mountain system,8,77,86,91,94,0.01,0.01,0.01,0.01,0.01,0.01,0.01,0.01,0.01,0.01,0.01,0.01
18,18,1,504,70,Snow & Ice (ESA),Polar,18,77,86,91,94,0.01,0.28,0.01,0.01,0.07,0.01,0.44,0.36,0.49,0.19,0.38,0.01
28,28,4,503,70,Snow & Ice (ESA),Boreal tundra woodland,28,77,86,91,94,0.01,0.08,0.01,0.06,0.59,0.79,0.98,0.77,0.83,0.81,0.17,0.01
37,37,3,501,70,Snow & Ice (ESA),Boreal coniferous forest,37,77,86,91,94,0.25,0.01,0.01,0.01,0.07,0.25,0.47,0.39,0.38,0.01,0.11,0.01
94,94,5,513,70,Snow & Ice (ESA),Temperate oceanic forest,94,77,86,91,94,0.01,0.01,0.01,0.01,0.01,0.19,0.6,0.54,0.35,0.13,0.01,0.25
189,189,7,512,70,Snow & Ice (ESA),Temperate mountain system,189,77,86,91,94,1.25,1.25,1.25,0.65,0.65,0.65,0.65,0.65,0.65,1.25,1.25,1.25
1,1,2,502,80,Permanent Water (ESA),Boreal mountain system,1,98,98,98,98,1.25,1.25,1.25,0.65,0.65,0.65,0.65,0.65,0.65,1.25,1.25,1.25
10,10,1,504,80,Permanent Water (ESA),Polar,10,98,98,98,98,1.25,1.25,1.25,0.65,0.65,0.65,0.65,0.65,0.65,1.25,1.25,1.25
21,21,4,503,80,Permanent Water (ESA),Boreal tundra woodland,21,98,98,98,98,1.25,1.25,1.25,0.65,0.65,0.65,0.65,0.65,0.65,1.25,1.25,1.25
29,29,3,501,80,Permanent Water (ESA),Boreal coniferous forest,29,98,98,98,98,1.25,1.25,1.25,0.65,0.65,0.65,0.65,0.65,0.65,1.25,1.25,1.25
85,85,5,513,80,Permanent Water (ESA),Temperate oceanic forest,85,98,98,98,98,1.25,1.25,1.25,0.65,0.65,0.65,0.65,0.65,0.65,1.25,1.25,1.25
107,107,6,510,80,Permanent Water (ESA),Temperate continental forest,107,98,98,98,98,1.25,1.25,1.25,0.65,0.65,0.65,0.65,0.65,0.65,1.25,1.25,1.25
145,145,7,512,80,Permanent Water (ESA),Temperate mountain system,145,98,98,98,98,1.25,1.25,1.25,0.65,0.65,0.65,0.65,0.65,0.65,1.25,1.25,1.25
182,182,8,514,80,Permanent Water (ESA),Temperate steppe,182,98,98,98,98,1.25,1.25,1.25,0.65,0.65,0.65,0.65,0.65,0.65,1.25,1.25,1.25
230,230,9,506,80,Permanent Water (ESA),Subtropical dry forest,230,98,98,98,98,1.25,1.25,1.25,0.65,0.65,0.65,0.65,0.65,0.65,1.25,1.25,1.25
255,255,10,508,80,Permanent Water (ESA),Subtropical mountain system,255,98,98,98,98,0.47,0.34,0.4,0.68,0.81,0.81,0.92,0.92,0.89,0.77,0.56,0.56
5,5,2,502,90,Herbaceous Wetland (ESA),Boreal mountain system,5,55,72,81,86,0.5,0.17,0.01,0.01,0.53,0.82,0.99,0.95,0.93,0.93,0.49,0.64
15,15,1,504,90,Herbaceous Wetland (ESA),Polar,15,55,72,81,86,0.5,0.01,0.01,0.01,0.43,0.86,0.99,0.93,0.93,0.94,0.64,0.01
25,25,4,503,90,Herbaceous Wetland (ESA),Boreal tundra woodland,25,55,72,81,86,0.5,0.01,0.01,0.01,0.49,0.84,0.99,0.95,0.95,0.92,0.74,0.01
36,36,3,501,90,Herbaceous Wetland (ESA),Boreal coniferous forest,36,55,72,81,86,0.3,0.08,0.07,0.13,0.89,0.96,0.99,0.99,0.98,0.91,0.59,0.5
89,89,5,513,90,Herbaceous Wetland (ESA),Temperate oceanic forest,89,55,72,81,86,0.77,0.89,0.75,0.92,0.99,0.98,0.99,0.98,0.98,0.97,0.92,0.81
113,113,6,510,90,Herbaceous Wetland (ESA),Temperate continental forest,113,55,72,81,86,0.47,0.17,0.34,0.86,0.99,0.99,0.97,0.99,0.99,0.94,0.56,0.36
156,156,7,512,90,Herbaceous Wetland (ESA),Temperate mountain system,156,55,72,81,86,0.53,0.25,0.5,0.92,0.98,0.99,0.99,0.99,0.99,0.99,0.85,0.53
181,181,8,514,90,Herbaceous Wetland (ESA),Temperate steppe,181,55,72,81,86,0.47,0.38,0.46,0.89,0.99,0.99,0.99,0.99,0.99,0.95,0.65,0.42
235,235,9,506,90,Herbaceous Wetland (ESA),Subtropical dry forest,235,55,72,81,86,0.77,0.72,0.8,0.93,0.99,0.99,0.99,0.99,0.99,0.92,0.81,0.8
270,270,10,508,90,Herbaceous Wetland (ESA),Subtropical mountain system,270,55,72,81,86,0.83,0.8,0.89,0.99,0.99,0.99,0.98,0.99,0.99,0.87,0.97,0.89
9,9,2,502,100,Moss & Lichen (ESA),Boreal mountain system,9,55,72,81,86,0.27,0.01,0.01,0.01,0.23,0.54,0.91,0.82,0.74,0.25,0.25,0.44
16,16,1,504,100,Moss & Lichen (ESA),Polar,16,55,72,81,86,0.75,0.13,0.01,0.01,0.3,0.74,0.99,0.86,0.95,0.92,0.45,0.01
22,22,4,503,100,Moss & Lichen (ESA),Boreal tundra woodland,22,55,72,81,86,0.63,0.13,0.01,0.01,0.45,0.79,0.99,0.93,0.96,0.93,0.46,0.01
34,34,3,501,100,Moss & Lichen (ESA),Boreal coniferous forest,34,55,72,81,86,0.35,0.01,0.01,0.01,0.32,0.71,0.82,0.8,0.77,0.43,0.32,0.75
93,93,5,513,100,Moss & Lichen (ESA),Temperate oceanic forest,93,55,72,81,86,0.09,0.01,0.01,0.01,0.18,0.68,0.98,0.75,0.56,0.31,0.34,0.38
165,165,7,512,100,Moss & Lichen (ESA),Temperate mountain system,165,55,72,81,86,0.01,0.01,0.01,0.01,0.07,0.61,0.9,0.93,0.93,0.87,0.01,0.01
265,265,9,506,100,Moss & Lichen (ESA),Subtropical dry forest,265,55,72,81,86,0.01,0.01,0.01,0.13,0.57,0.86,0.99,0.98,0.96,0.96,0.32,0.06
41,41,2,502,211,Common Wheat,Boreal mountain system,41,69,79,86,89,0.42,0.01,0.01,0.01,0.32,0.91,0.99,0.92,0.84,0.67,0.3,0.69
60,60,3,501,211,Common Wheat,Boreal coniferous forest,60,69,79,86,89,0.3,0.17,0.29,0.53,0.91,0.99,0.99,0.99,0.97,0.97,0.63,0.59
100,100,6,510,211,Common Wheat,Temperate continental forest,100,69,79,86,89,0.63,0.64,0.66,0.98,0.99,0.99,0.99,0.99,0.98,0.95,0.77,0.59
129,129,5,513,211,Common Wheat,Temperate oceanic forest,129,69,79,86,89,0.81,0.89,0.87,0.98,0.99,0.99,0.99,0.99,0.98,0.97,0.91,0.86
151,151,7,512,211,Common Wheat,Temperate mountain system,151,69,79,86,89,0.59,0.56,0.74,0.98,0.99,0.99,0.99,0.99,0.99,0.98,0.84,0.67
193,193,8,514,211,Common Wheat,Temperate steppe,193,69,79,86,89,0.79,0.7,0.62,0.99,0.99,0.99,0.98,0.99,0.97,0.87,0.54,0.38
220,220,9,506,211,Common Wheat,Subtropical dry forest,220,69,79,86,89,0.84,0.89,0.94,0.99,0.99,0.99,0.98,0.97,0.96,0.9,0.79,0.87
254,254,10,508,211,Common Wheat,Subtropical mountain system,254,69,79,86,89,0.69,0.79,0.88,0.95,0.99,0.99,0.99,0.98,0.97,0.9,0.7,0.69
59,59,2,502,212,Durum Wheat,Boreal mountain system,59,69,79,86,89,0.5,0.01,0.01,0.01,0.55,0.98,0.99,0.95,0.86,0.92,0.5,0.86
80,80,3,501,212,Durum Wheat,Boreal coniferous forest,80,69,79,86,89,0.36,0.34,0.47,0.55,0.93,0.99,0.99,0.99,0.99,0.99,0.81,0.69
123,123,6,510,212,Durum Wheat,Temperate continental forest,123,69,79,86,89,0.82,0.71,0.89,0.99,0.99,0.99,0.99,0.99,0.99,0.93,0.76,0.62
174,174,5,513,212,Durum Wheat,Temperate oceanic forest,174,69,79,86,89,0.85,0.84,0.97,0.99,0.99,0.99,0.99,0.99,0.99,0.98,0.92,0.92
188,188,7,512,212,Durum Wheat,Temperate mountain system,188,69,79,86,89,0.82,0.88,0.96,0.94,0.93,0.99,0.99,0.99,0.99,0.93,0.92,0.91
223,223,9,506,212,Durum Wheat,Subtropical dry forest,223,69,79,86,89,0.92,0.93,0.98,0.99,0.99,0.99,0.98,0.98,0.97,0.91,0.85,0.91
237,237,8,514,212,Durum Wheat,Temperate steppe,237,69,79,86,89,0.92,0.63,0.57,0.99,0.99,0.98,0.91,0.99,0.99,0.82,0.41,0.38
244,244,10,508,212,Durum Wheat,Subtropical mountain system,244,69,79,86,89,0.93,0.85,0.86,0.99,0.99,0.99,0.99,0.99,0.99,0.97,0.88,0.92
46,46,2,502,213,Barley,Boreal mountain system,46,69,79,86,89,0.44,0.01,0.01,0.01,0.44,0.91,0.98,0.91,0.87,0.75,0.41,0.69
61,61,3,501,213,Barley,Boreal coniferous forest,61,69,79,86,89,0.3,0.25,0.29,0.57,0.93,0.99,0.99,0.99,0.98,0.98,0.64,0.64
98,98,6,510,213,Barley,Temperate continental forest,98,69,79,86,89,0.63,0.64,0.68,0.97,0.99,0.99,0.99,0.99,0.98,0.96,0.8,0.67
125,125,5,513,213,Barley,Temperate oceanic forest,125,69,79,86,89,0.81,0.89,0.82,0.97,0.99,0.99,0.99,0.98,0.98,0.98,0.91,0.86
154,154,7,512,213,Barley,Temperate mountain system,154,69,79,86,89,0.66,0.64,0.79,0.98,0.99,0.99,0.99,0.99,0.99,0.98,0.85,0.74
198,198,8,514,213,Barley,Temperate steppe,198,69,79,86,89,0.81,0.72,0.64,0.99,0.99,0.99,0.98,0.99,0.96,0.85,0.57,0.38
221,221,9,506,213,Barley,Subtropical dry forest,221,69,79,86,89,0.78,0.86,0.93,0.97,0.99,0.98,0.97,0.95,0.92,0.86,0.77,0.85
248,248,10,508,213,Barley,Subtropical mountain system,248,69,79,86,89,0.71,0.77,0.87,0.94,0.99,0.99,0.99,0.98,0.96,0.9,0.72,0.77
48,48,2,502,214,Rye,Boreal mountain system,48,69,79,86,89,0.5,0.08,0.01,0.01,0.49,0.86,0.94,0.89,0.9,0.81,0.4,0.54
71,71,3,501,214,Rye,Boreal coniferous forest,71,69,79,86,89,0.25,0.17,0.22,0.58,0.92,0.98,0.99,0.99,0.94,0.95,0.59,0.53
111,111,6,510,214,Rye,Temperate continental forest,111,69,79,86,89,0.67,0.77,0.75,0.98,0.99,0.99,0.98,0.99,0.99,0.97,0.86,0.72
138,138,5,513,214,Rye,Temperate oceanic forest,138,69,79,86,89,0.79,0.9,0.85,0.98,0.99,0.99,0.99,0.99,0.98,0.98,0.91,0.81
166,166,7,512,214,Rye,Temperate mountain system,166,69,79,86,89,0.53,0.62,0.74,0.99,0.99,0.99,0.99,0.99,0.99,0.98,0.82,0.63
204,204,8,514,214,Rye,Temperate steppe,204,69,79,86,89,0.53,0.48,0.44,0.94,0.99,0.99,0.99,0.99,0.99,0.94,0.53,0.36
239,239,9,506,214,Rye,Subtropical dry forest,239,69,79,86,89,0.76,0.82,0.89,0.96,0.99,0.99,0.99,0.99,0.98,0.93,0.8,0.82
263,263,10,508,214,Rye,Subtropical mountain system,263,69,79,86,89,0.77,0.88,0.87,0.94,0.99,0.98,0.99,0.99,0.98,0.94,0.81,0.78
51,51,2,502,215,Oats,Boreal mountain system,51,69,79,86,89,0.5,0.01,0.01,0.01,0.55,0.93,0.97,0.92,0.91,0.94,0.51,0.7
69,69,3,501,215,Oats,Boreal coniferous forest,69,69,79,86,89,0.28,0.25,0.29,0.62,0.93,0.99,0.99,0.99,0.98,0.99,0.64,0.6
102,102,6,510,215,Oats,Temperate continental forest,102,69,79,86,89,0.56,0.51,0.68,0.97,0.99,0.99,0.98,0.99,0.99,0.95,0.82,0.56
135,135,5,513,215,Oats,Temperate oceanic forest,135,69,79,86,89,0.81,0.86,0.73,0.93,0.99,0.99,0.99,0.98,0.98,0.98,0.9,0.86
170,170,7,512,215,Oats,Temperate mountain system,170,69,79,86,89,0.53,0.58,0.7,0.98,0.99,0.99,0.99,0.99,0.99,0.97,0.83,0.62
207,207,8,514,215,Oats,Temperate steppe,207,69,79,86,89,0.52,0.5,0.56,0.98,0.99,0.99,0.96,0.99,0.99,0.93,0.54,0.41
238,238,9,506,215,Oats,Subtropical dry forest,238,69,79,86,89,0.96,0.99,0.98,0.99,0.99,0.96,0.94,0.9,0.89,0.85,0.87,0.98
264,264,10,508,215,Oats,Subtropical mountain system,264,69,79,86,89,0.92,0.97,0.94,0.99,0.99,0.99,0.99,0.99,0.98,0.94,0.87,0.93
42,42,2,502,216,Maize,Boreal mountain system,42,69,79,86,89,0.41,0.01,0.01,0.01,0.42,0.91,0.99,0.92,0.85,0.7,0.4,0.75
63,63,3,501,216,Maize,Boreal coniferous forest,63,69,79,86,89,0.3,0.25,0.36,0.56,0.91,0.99,0.99,0.99,0.97,0.97,0.63,0.61
97,97,6,510,216,Maize,Temperate continental forest,97,69,79,86,89,0.62,0.58,0.62,0.98,0.99,0.99,0.99,0.99,0.99,0.94,0.77,0.56
127,127,5,513,216,Maize,Temperate oceanic forest,127,69,79,86,89,0.8,0.89,0.86,0.97,0.99,0.99,0.99,0.99,0.99,0.98,0.91,0.85
150,150,7,512,216,Maize,Temperate mountain system,150,69,79,86,89,0.62,0.5,0.7,0.98,0.99,0.99,0.99,0.99,0.99,0.99,0.85,0.68
191,191,8,514,216,Maize,Temperate steppe,191,69,79,86,89,0.6,0.56,0.52,0.98,0.99,0.99,0.99,0.99,0.99,0.9,0.54,0.38
213,213,9,506,216,Maize,Subtropical dry forest,213,69,79,86,89,0.84,0.78,0.88,0.99,0.99,0.99,0.99,0.99,0.99,0.96,0.81,0.85
259,259,10,508,216,Maize,Subtropical mountain system,259,69,79,86,89,0.74,0.77,0.85,0.95,0.99,0.99,0.99,0.99,0.99,0.96,0.78,0.73
55,55,2,502,217,Rice,Boreal mountain system,55,69,79,86,89,0.25,0.01,0.01,0.01,0.32,0.68,0.87,0.78,0.77,0.66,0.3,0.01
78,78,3,501,217,Rice,Boreal coniferous forest,78,69,79,86,89,0.25,0.01,0.01,0.01,0.31,0.81,0.9,0.74,0.66,0.78,0.4,0.01
124,124,6,510,217,Rice,Temperate continental forest,124,69,79,86,89,0.25,0.08,0.46,0.47,0.89,0.75,0.77,0.76,0.77,0.64,0.48,0.36
175,175,5,513,217,Rice,Temperate oceanic forest,175,69,79,86,89,0.44,0.42,0.56,0.78,0.81,0.98,0.99,0.99,0.99,0.93,0.45,0.6
184,184,7,512,217,Rice,Temperate mountain system,184,69,79,86,89,0.01,0.01,0.01,0.01,0.01,0.3,0.81,0.89,0.78,0.77,0.01,0.01
211,211,8,514,217,Rice,Temperate steppe,211,69,79,86,89,0.84,0.71,0.64,0.99,0.99,0.99,0.99,0.99,0.95,0.85,0.5,0.35
271,271,9,506,217,Rice,Subtropical dry forest,271,69,79,86,89,0.61,0.63,0.75,0.75,0.65,0.87,0.99,0.99,0.99,0.84,0.55,0.55
275,275,10,508,217,Rice,Subtropical mountain system,275,69,79,86,89,0.78,0.75,0.9,0.95,0.91,0.99,0.99,0.99,0.99,0.92,0.7,0.78
81,81,2,502,218,Tricitale,Boreal mountain system,81,69,79,86,89,0.54,0.01,0.01,0.01,0.43,0.73,0.94,0.63,0.71,0.22,0.24,0.01
84,84,3,501,218,Tricitale,Boreal coniferous forest,84,69,79,86,89,0.41,0.52,0.5,0.77,0.96,0.83,0.87,0.95,0.71,0.71,0.7,0.63
122,122,6,510,218,Tricitale,Temperate continental forest,122,69,79,86,89,0.62,0.7,0.73,0.97,0.99,0.99,0.98,0.99,0.99,0.97,0.83,0.68
172,172,5,513,218,Tricitale,Temperate oceanic forest,172,69,79,86,89,0.81,0.91,0.91,0.98,0.99,0.99,0.99,0.99,0.99,0.98,0.94,0.87
186,186,7,512,218,Tricitale,Temperate mountain system,186,69,79,86,89,0.53,0.74,0.78,0.99,0.99,0.99,0.99,0.99,0.99,0.98,0.81,0.67
206,206,8,514,218,Tricitale,Temperate steppe,206,69,79,86,89,0.76,0.55,0.7,0.99,0.99,0.99,0.99,0.99,0.99,0.98,0.47,0.44
260,260,9,506,218,Tricitale,Subtropical dry forest,260,69,79,86,89,0.86,0.89,0.95,0.99,0.99,0.99,0.99,0.99,0.98,0.92,0.84,0.9
273,273,10,508,218,Tricitale,Subtropical mountain system,273,69,79,86,89,0.68,0.75,0.84,0.95,0.99,0.99,0.99,0.99,0.98,0.91,0.76,0.77
82,82,3,501,219,Other Cereals,Boreal coniferous forest,82,69,79,86,89,0.28,0.25,0.25,0.72,0.93,0.99,0.99,0.99,0.98,0.97,0.63,0.58
118,118,6,510,219,Other Cereals,Temperate continental forest,118,69,79,86,89,0.47,0.17,0.57,0.91,0.99,0.99,0.99,0.99,0.99,0.94,0.47,0.31
173,173,5,513,219,Other Cereals,Temperate oceanic forest,173,69,79,86,89,0.63,0.8,0.82,0.93,0.99,0.99,0.99,0.99,0.99,0.97,0.9,0.78
187,187,7,512,219,Other Cereals,Temperate mountain system,187,69,79,86,89,0.53,0.52,0.53,0.99,0.99,0.99,0.99,0.99,0.99,0.95,0.91,0.54
209,209,8,514,219,Other Cereals,Temperate steppe,209,69,79,86,89,0.52,0.46,0.59,0.98,0.97,0.99,0.97,0.99,0.99,0.96,0.66,0.46
240,240,9,506,219,Other Cereals,Subtropical dry forest,240,69,79,86,89,0.86,0.93,0.96,0.97,0.99,0.99,0.99,0.99,0.99,0.99,0.82,0.86
274,274,10,508,219,Other Cereals,Subtropical mountain system,274,69,79,86,89,0.83,0.9,0.95,0.92,0.99,0.96,0.98,0.95,0.93,0.87,0.76,0.84
43,43,2,502,221,Potatoes,Boreal mountain system,43,69,79,86,89,0.38,0.01,0.01,0.01,0.31,0.68,0.94,0.86,0.81,0.3,0.33,0.56
68,68,3,501,221,Potatoes,Boreal coniferous forest,68,69,79,86,89,0.31,0.17,0.22,0.53,0.92,0.99,0.99,0.99,0.97,0.98,0.67,0.68
110,110,6,510,221,Potatoes,Temperate continental forest,110,69,79,86,89,0.64,0.61,0.65,0.96,0.99,0.99,0.99,0.99,0.99,0.96,0.8,0.67
141,141,5,513,221,Potatoes,Temperate oceanic forest,141,69,79,86,89,0.81,0.9,0.81,0.94,0.99,0.99,0.99,0.99,0.99,0.97,0.93,0.87
163,163,7,512,221,Potatoes,Temperate mountain system,163,69,79,86,89,0.43,0.36,0.59,0.95,0.99,0.98,0.99,0.99,0.99,0.97,0.78,0.56
201,201,8,514,221,Potatoes,Temperate steppe,201,69,79,86,89,0.66,0.5,0.48,0.9,0.99,0.99,0.99,0.99,0.99,0.99,0.58,0.55
225,225,9,506,221,Potatoes,Subtropical dry forest,225,69,79,86,89,0.77,0.85,0.88,0.98,0.99,0.99,0.99,0.99,0.98,0.92,0.78,0.86
268,268,10,508,221,Potatoes,Subtropical mountain system,268,69,79,86,89,0.47,0.48,0.55,0.82,0.92,0.94,0.99,0.99,0.98,0.93,0.66,0.63
44,44,2,502,222,Sugar Beet,Boreal mountain system,44,69,79,86,89,0.46,0.01,0.01,0.01,0.34,0.9,0.99,0.92,0.84,0.68,0.38,0.72
65,65,3,501,222,Sugar Beet,Boreal coniferous forest,65,69,79,86,89,0.36,0.01,0.07,0.06,0.73,0.95,0.99,0.96,0.94,0.94,0.48,0.63
114,114,6,510,222,Sugar Beet,Temperate continental forest,114,69,79,86,89,0.67,0.66,0.68,0.97,0.99,0.99,0.99,0.99,0.99,0.96,0.82,0.74
143,143,5,513,222,Sugar Beet,Temperate oceanic forest,143,69,79,86,89,0.77,0.84,0.83,0.97,0.99,0.99,0.99,0.99,0.99,0.97,0.89,0.85
171,171,7,512,222,Sugar Beet,Temperate mountain system,171,69,79,86,89,0.53,0.4,0.61,0.97,0.99,0.99,0.99,0.99,0.99,0.98,0.8,0.61
196,196,8,514,222,Sugar Beet,Temperate steppe,196,69,79,86,89,0.71,0.52,0.53,0.94,0.99,0.99,0.99,0.99,0.99,0.96,0.56,0.44
234,234,9,506,222,Sugar Beet,Subtropical dry forest,234,69,79,86,89,0.8,0.77,0.85,0.99,0.99,0.99,0.99,0.99,0.99,0.95,0.77,0.86
267,267,10,508,222,Sugar Beet,Subtropical mountain system,267,69,79,86,89,0.68,0.69,0.85,0.93,0.98,0.99,0.99,0.99,0.99,0.94,0.75,0.75
56,56,2,502,223,Other Root Crops,Boreal mountain system,56,69,79,86,89,0.5,0.01,0.01,0.01,0.18,0.25,0.82,0.78,0.75,0.01,0.25,0.01
79,79,3,501,223,Other Root Crops,Boreal coniferous forest,79,69,79,86,89,0.87,0.89,0.5,0.92,0.96,0.99,0.99,0.96,0.97,0.97,0.93,0.99
139,139,6,510,223,Other Root Crops,Temperate continental forest,139,69,79,86,89,0.6,0.57,0.56,0.93,0.99,0.99,0.99,0.99,0.99,0.91,0.73,0.62
142,142,5,513,223,Other Root Crops,Temperate oceanic forest,142,69,79,86,89,0.78,0.82,0.69,0.85,0.99,0.99,0.99,0.98,0.99,0.98,0.92,0.83
168,168,7,512,223,Other Root Crops,Temperate mountain system,168,69,79,86,89,0.01,0.01,0.01,0.06,0.42,0.83,0.99,0.96,0.95,0.94,0.54,0.13
210,210,8,514,223,Other Root Crops,Temperate steppe,210,69,79,86,89,0.59,0.5,0.4,0.87,0.93,0.88,0.98,0.99,0.99,0.94,0.32,0.47
241,241,9,506,223,Other Root Crops,Subtropical dry forest,241,69,79,86,89,0.75,0.85,0.91,0.97,0.99,0.98,0.99,0.99,0.98,0.89,0.74,0.83
272,272,10,508,223,Other Root Crops,Subtropical mountain system,272,69,79,86,89,0.69,0.67,0.82,0.91,0.88,0.96,0.99,0.99,0.99,0.9,0.7,0.76
58,58,2,502,230,Other non-permanent industrial crops,Boreal mountain system,58,62,75,83,87,0.25,0.01,0.01,0.01,0.42,0.7,0.86,0.79,0.64,0.48,0.22,0.01
76,76,3,501,230,Other non-permanent industrial crops,Boreal coniferous forest,76,62,75,83,87,0.25,0.34,0.4,0.66,0.92,0.97,0.99,0.99,0.94,0.93,0.5,0.5
119,119,6,510,230,Other non-permanent industrial crops,Temperate continental forest,119,62,75,83,87,0.74,0.69,0.81,0.99,0.99,0.99,0.99,0.99,0.99,0.93,0.74,0.62
144,144,5,513,230,Other non-permanent industrial crops,Temperate oceanic forest,144,62,75,83,87,0.85,0.97,0.86,0.96,0.99,0.99,0.99,0.97,0.98,0.98,0.97,0.94
185,185,7,512,230,Other non-permanent industrial crops,Temperate mountain system,185,62,75,83,87,0.73,0.79,0.84,0.94,0.98,0.97,0.99,0.99,0.99,0.94,0.82,0.77
205,205,8,514,230,Other non-permanent industrial crops,Temperate steppe,205,62,75,83,87,0.6,0.5,0.46,0.94,0.99,0.99,0.97,0.99,0.99,0.97,0.56,0.42
233,233,9,506,230,Other non-permanent industrial crops,Subtropical dry forest,233,62,75,83,87,0.79,0.74,0.96,0.99,0.98,0.99,0.99,0.99,0.99,0.89,0.77,0.64
262,262,10,508,230,Other non-permanent industrial crops,Subtropical mountain system,262,62,75,83,87,0.75,0.71,0.85,0.95,0.96,0.99,0.99,0.99,0.99,0.92,0.75,0.78
45,45,2,502,231,Sunflower,Boreal mountain system,45,69,79,86,89,0.47,0.01,0.01,0.01,0.31,0.6,0.93,0.86,0.81,0.24,0.31,0.63
64,64,3,501,231,Sunflower,Boreal coniferous forest,64,69,79,86,89,0.29,0.17,0.25,0.36,0.86,0.97,0.99,0.99,0.96,0.94,0.55,0.56
112,112,6,510,231,Sunflower,Temperate continental forest,112,69,79,86,89,0.58,0.6,0.57,0.99,0.99,0.99,0.99,0.99,0.98,0.9,0.64,0.44
128,128,5,513,231,Sunflower,Temperate oceanic forest,128,69,79,86,89,0.75,0.86,0.94,0.98,0.99,0.99,0.99,0.99,0.99,0.95,0.88,0.83
152,152,7,512,231,Sunflower,Temperate mountain system,152,69,79,86,89,0.55,0.34,0.57,0.96,0.99,0.98,0.98,0.99,0.99,0.98,0.8,0.55
195,195,8,514,231,Sunflower,Temperate steppe,195,69,79,86,89,0.64,0.6,0.55,0.99,0.99,0.99,0.99,0.99,0.97,0.87,0.52,0.38
224,224,9,506,231,Sunflower,Subtropical dry forest,224,69,79,86,89,0.8,0.83,0.92,0.98,0.99,0.99,0.99,0.99,0.97,0.88,0.75,0.78
250,250,10,508,231,Sunflower,Subtropical mountain system,250,69,79,86,89,0.64,0.73,0.84,0.94,0.99,0.99,0.99,0.99,0.96,0.88,0.66,0.64
52,52,2,502,232,Rape & Turnip rape,Boreal mountain system,52,69,79,86,89,0.06,0.01,0.07,0.44,0.86,0.91,0.97,0.89,0.87,0.71,0.78,0.67
67,67,3,501,232,Rape & Turnip rape,Boreal coniferous forest,67,69,79,86,89,0.3,0.34,0.36,0.72,0.93,0.99,0.99,0.99,0.97,0.97,0.64,0.59
105,105,6,510,232,Rape & Turnip rape,Temperate continental forest,105,69,79,86,89,0.71,0.74,0.71,0.99,0.99,0.99,0.99,0.99,0.98,0.94,0.79,0.66
134,134,5,513,232,Rape & Turnip rape,Temperate oceanic forest,134,69,79,86,89,0.81,0.9,0.89,0.98,0.99,0.99,0.99,0.99,0.98,0.96,0.89,0.85
164,164,7,512,232,Rape & Turnip rape,Temperate mountain system,164,69,79,86,89,0.56,0.59,0.76,0.99,0.99,0.99,0.99,0.99,0.99,0.97,0.8,0.67
199,199,8,514,232,Rape & Turnip rape,Temperate steppe,199,69,79,86,89,0.84,0.73,0.6,0.99,0.99,0.99,0.98,0.99,0.96,0.85,0.54,0.38
232,232,9,506,232,Rape & Turnip rape,Subtropical dry forest,232,69,79,86,89,0.9,0.79,0.89,0.99,0.99,0.99,0.99,0.99,0.99,0.96,0.78,0.88
261,261,10,508,232,Rape & Turnip rape,Subtropical mountain system,261,69,79,86,89,0.85,0.9,0.98,0.96,0.99,0.99,0.99,0.99,0.98,0.93,0.79,0.87
54,54,2,502,233,Soya,Boreal mountain system,54,69,79,86,89,0.5,0.01,0.01,0.01,0.53,0.93,0.97,0.91,0.92,0.94,0.52,0.73
70,70,3,501,233,Soya,Boreal coniferous forest,70,69,79,86,89,0.34,0.08,0.14,0.19,0.82,0.97,0.99,0.99,0.97,0.97,0.53,0.63
120,120,6,510,233,Soya,Temperate continental forest,120,69,79,86,89,0.67,0.56,0.65,0.98,0.99,0.99,0.99,0.99,0.99,0.94,0.75,0.5
140,140,5,513,233,Soya,Temperate oceanic forest,140,69,79,86,89,0.63,0.75,0.82,0.99,0.99,0.99,0.99,0.99,0.99,0.94,0.77,0.78
169,169,7,512,233,Soya,Temperate mountain system,169,69,79,86,89,0.68,0.67,0.71,0.99,0.99,0.99,0.99,0.99,0.99,0.99,0.86,0.73
208,208,8,514,233,Soya,Temperate steppe,208,69,79,86,89,0.58,0.48,0.48,0.94,0.99,0.99,0.99,0.99,0.99,0.96,0.57,0.41
226,226,9,506,233,Soya,Subtropical dry forest,226,69,79,86,89,0.82,0.68,0.81,0.99,0.98,0.99,0.99,0.99,0.99,0.96,0.75,0.82
269,269,10,508,233,Soya,Subtropical mountain system,269,69,79,86,89,0.84,0.6,0.75,0.99,0.96,0.99,0.99,0.99,0.99,0.99,0.78,0.85
47,47,2,502,240,Dry pulses,Boreal mountain system,47,62,75,83,87,0.24,0.01,0.01,0.01,0.58,0.84,0.96,0.86,0.84,0.52,0.43,0.62
73,73,3,501,240,Dry pulses,Boreal coniferous forest,73,62,75,83,87,0.28,0.25,0.29,0.69,0.93,0.99,0.99,0.99,0.96,0.97,0.64,0.59
109,109,6,510,240,Dry pulses,Temperate continental forest,109,62,75,83,87,0.52,0.34,0.57,0.91,0.99,0.99,0.99,0.99,0.98,0.95,0.61,0.5
132,132,5,513,240,Dry pulses,Temperate oceanic forest,132,62,75,83,87,0.8,0.87,0.84,0.96,0.99,0.99,0.99,0.98,0.98,0.96,0.91,0.87
155,155,7,512,240,Dry pulses,Temperate mountain system,155,62,75,83,87,0.53,0.57,0.73,0.97,0.99,0.99,0.99,0.99,0.99,0.97,0.8,0.69
200,200,8,514,240,Dry pulses,Temperate steppe,200,62,75,83,87,0.72,0.65,0.59,0.99,0.99,0.99,0.98,0.99,0.95,0.83,0.53,0.39
229,229,9,506,240,Dry pulses,Subtropical dry forest,229,62,75,83,87,0.9,0.92,0.96,0.99,0.99,0.99,0.98,0.97,0.97,0.92,0.85,0.92
251,251,10,508,240,Dry pulses,Subtropical mountain system,251,62,75,83,87,0.75,0.79,0.88,0.96,0.99,0.99,0.99,0.99,0.97,0.92,0.76,0.8
53,53,2,502,250,Fodder crops,Boreal mountain system,53,62,75,83,87,0.06,0.01,0.07,0.5,0.89,0.93,0.98,0.91,0.9,0.74,0.81,0.7
66,66,3,501,250,Fodder crops,Boreal coniferous forest,66,62,75,83,87,0.3,0.34,0.36,0.57,0.93,0.99,0.99,0.99,0.98,0.99,0.64,0.6
99,99,6,510,250,Fodder crops,Temperate continental forest,99,62,75,83,87,0.62,0.62,0.65,0.98,0.99,0.99,0.99,0.99,0.99,0.96,0.75,0.57
133,133,5,513,250,Fodder crops,Temperate oceanic forest,133,62,75,83,87,0.76,0.84,0.85,0.99,0.99,0.99,0.99,0.99,0.99,0.98,0.82,0.87
158,158,7,512,250,Fodder crops,Temperate mountain system,158,62,75,83,87,0.65,0.58,0.78,0.95,0.98,0.99,0.99,0.99,0.99,0.98,0.85,0.78
194,194,8,514,250,Fodder crops,Temperate steppe,194,62,75,83,87,0.74,0.64,0.57,0.99,0.99,0.99,0.99,0.99,0.98,0.91,0.57,0.41
219,219,9,506,250,Fodder crops,Subtropical dry forest,219,62,75,83,87,0.93,0.92,0.98,0.99,0.99,0.99,0.99,0.99,0.99,0.96,0.89,0.94
247,247,10,508,250,Fodder crops,Subtropical mountain system,247,62,75,83,87,0.83,0.82,0.89,0.98,0.99,0.99,0.99,0.99,0.99,0.96,0.82,0.85
49,49,2,502,290,Bare arable land,Boreal mountain system,49,77,86,91,94,0.3,0.01,0.01,0.01,0.39,0.79,0.93,0.85,0.77,0.63,0.32,0.5
75,75,3,501,290,Bare arable land,Boreal coniferous forest,75,77,86,91,94,0.3,0.34,0.4,0.7,0.93,0.98,0.99,0.99,0.97,0.95,0.64,0.6
115,115,6,510,290,Bare arable land,Temperate continental forest,115,77,86,91,94,0.74,0.67,0.69,0.99,0.99,0.99,0.99,0.99,0.99,0.91,0.71,0.53
136,136,5,513,290,Bare arable land,Temperate oceanic forest,136,77,86,91,94,0.92,0.91,0.83,0.81,0.99,0.99,0.99,0.91,0.92,0.93,0.93,0.96
157,157,7,512,290,Bare arable land,Temperate mountain system,157,77,86,91,94,0.78,0.73,0.84,0.92,0.99,0.99,0.99,0.99,0.99,0.96,0.85,0.84
203,203,8,514,290,Bare arable land,Temperate steppe,203,77,86,91,94,0.64,0.5,0.45,0.92,0.99,0.99,0.98,0.99,0.99,0.95,0.46,0.43
218,218,9,506,290,Bare arable land,Subtropical dry forest,218,77,86,91,94,0.77,0.82,0.88,0.94,0.98,0.96,0.95,0.93,0.9,0.86,0.77,0.85
245,245,10,508,290,Bare arable land,Subtropical mountain system,245,77,86,91,94,0.72,0.67,0.84,0.91,0.99,0.98,0.99,0.98,0.97,0.91,0.74,0.8
40,40,2,502,300,Woodlands and Shurbland (incl permanent crops),Boreal mountain system,40,43,65,76,82,0.47,0.08,0.01,0.01,0.6,0.95,0.99,0.95,0.9,0.9,0.5,0.67
62,62,3,501,300,Woodlands and Shurbland (incl permanent crops),Boreal coniferous forest,62,43,65,76,82,0.38,0.38,0.5,0.63,0.93,0.99,0.99,0.99,0.98,0.98,0.63,0.64
95,95,6,510,300,Woodlands and Shurbland (incl permanent crops),Temperate continental forest,95,43,65,76,82,0.62,0.58,0.68,0.98,0.99,0.99,0.99,0.99,0.99,0.99,0.74,0.56
126,126,5,513,300,Woodlands and Shurbland (incl permanent crops),Temperate oceanic forest,126,43,65,76,82,0.75,0.89,0.88,0.97,0.99,0.99,0.99,0.99,0.99,0.99,0.91,0.81
149,149,7,512,300,Woodlands and Shurbland (incl permanent crops),Temperate mountain system,149,43,65,76,82,0.71,0.65,0.77,0.99,0.99,0.99,0.99,0.99,0.99,0.99,0.85,0.71
192,192,8,514,300,Woodlands and Shurbland (incl permanent crops),Temperate steppe,192,43,65,76,82,0.64,0.55,0.54,0.99,0.99,0.99,0.99,0.99,0.99,0.98,0.63,0.44
212,212,9,506,300,Woodlands and Shurbland (incl permanent crops),Subtropical dry forest,212,43,65,76,82,0.95,0.94,0.96,0.99,0.99,0.99,0.99,0.99,0.99,0.99,0.91,0.97
242,242,10,508,300,Woodlands and Shurbland (incl permanent crops),Subtropical mountain system,242,43,65,76,82,0.89,0.86,0.89,0.97,0.99,0.99,0.99,0.99,0.99,0.99,0.86,0.92
77,77,3,501,500,Grasslands,Boreal coniferous forest,77,49,69,79,84,0.31,0.25,0.29,0.64,0.95,0.99,0.99,0.99,0.98,0.99,0.68,0.64
83,83,2,502,500,Grasslands,Boreal mountain system,83,49,69,79,84,0.84,0.95,0.62,0.92,0.98,0.99,0.99,0.96,0.97,0.94,0.93,0.97
117,117,6,510,500,Grasslands,Temperate continental forest,117,49,69,79,84,0.61,0.58,0.65,0.98,0.99,0.99,0.99,0.99,0.99,0.97,0.78,0.56
131,131,5,513,500,Grasslands,Temperate oceanic forest,131,49,69,79,84,0.88,0.95,0.89,0.97,0.99,0.99,0.99,0.99,0.99,0.99,0.94,0.91
160,160,7,512,500,Grasslands,Temperate mountain system,160,49,69,79,84,0.62,0.5,0.76,0.99,0.99,0.99,0.99,0.99,0.99,0.99,0.86,0.69
197,197,8,514,500,Grasslands,Temperate steppe,197,49,69,79,84,0.71,0.64,0.59,0.99,0.99,0.99,0.99,0.99,0.99,0.93,0.58,0.41
216,216,9,506,500,Grasslands,Subtropical dry forest,216,49,69,79,84,0.94,0.96,0.96,0.99,0.99,0.99,0.99,0.98,0.98,0.94,0.89,0.96
256,256,10,508,500,Grasslands,Subtropical mountain system,256,49,69,79,84,0.84,0.86,0.89,0.98,0.99,0.99,0.99,0.99,0.98,0.94,0.83,0.87
57,57,2,502,600,Bare land,Boreal mountain system,57,77,86,91,94,0.3,0.3,0.3,0.3,0.3,0.3,0.3,0.3,0.3,0.3,0.3,0.3
72,72,3,501,600,Bare land,Boreal coniferous forest,72,77,86,91,94,0.3,0.3,0.3,0.3,0.3,0.3,0.3,0.3,0.3,0.3,0.3,0.3
121,121,6,510,600,Bare land,Temperate continental forest,121,77,86,91,94,0.3,0.3,0.3,0.3,0.3,0.3,0.3,0.3,0.3,0.3,0.3,0.3
130,130,5,513,600,Bare land,Temperate oceanic forest,130,77,86,91,94,0.3,0.3,0.3,0.3,0.3,0.3,0.3,0.3,0.3,0.3,0.3,0.3
159,159,7,512,600,Bare land,Temperate mountain system,159,77,86,91,94,0.3,0.3,0.3,0.3,0.3,0.3,0.3,0.3,0.3,0.3,0.3,0.3
190,190,8,514,600,Bare land,Temperate steppe,190,77,86,91,94,0.3,0.3,0.3,0.3,0.3,0.3,0.3,0.3,0.3,0.3,0.3,0.3
236,236,9,506,600,Bare land,Subtropical dry forest,236,77,86,91,94,0.3,0.3,0.3,0.3,0.3,0.3,0.3,0.3,0.3,0.3,0.3,0.3
266,266,10,508,600,Bare land,Subtropical mountain system,266,77,86,91,94,0.3,0.3,0.3,0.3,0.3,0.3,0.3,0.3,0.3,0.3,0.3,0.3
50,50,2,502,700,Artificial surfaces,Boreal mountain system,50,62,76,84,88,0.3,0.3,0.3,0.3,0.3,0.3,0.3,0.3,0.3,0.3,0.3,0.3
74,74,3,501,700,Artificial surfaces,Boreal coniferous forest,74,62,76,84,88,0.3,0.3,0.3,0.3,0.3,0.3,0.3,0.3,0.3,0.3,0.3,0.3
116,116,6,510,700,Artificial surfaces,Temperate continental forest,116,62,76,84,88,0.3,0.3,0.3,0.3,0.3,0.3,0.3,0.3,0.3,0.3,0.3,0.3
137,137,5,513,700,Artificial surfaces,Temperate oceanic forest,137,62,76,84,88,0.3,0.3,0.3,0.3,0.3,0.3,0.3,0.3,0.3,0.3,0.3,0.3
153,153,7,512,700,Artificial surfaces,Temperate mountain system,153,62,76,84,88,0.3,0.3,0.3,0.3,0.3,0.3,0.3,0.3,0.3,0.3,0.3,0.3
202,202,8,514,700,Artificial surfaces,Temperate steppe,202,62,76,84,88,0.3,0.3,0.3,0.3,0.3,0.3,0.3,0.3,0.3,0.3,0.3,0.3
228,228,9,506,700,Artificial surfaces,Subtropical dry forest,228,62,76,84,88,0.3,0.3,0.3,0.3,0.3,0.3,0.3,0.3,0.3,0.3,0.3,0.3
257,257,10,508,700,Artificial surfaces,Subtropical mountain system,257,62,76,84,88,0.3,0.3,0.3,0.3,0.3,0.3,0.3,0.3,0.3,0.3,0.3,0.3
